User,Time,Content
Unknown,Unknown,
Unknown,Unknown,
Unknown,Unknown,
Unknown,Unknown,
Unknown,Unknown,
Unknown,Unknown,
Silmavi,08:02,Hello!
Unknown,Unknown,
Deleted Account,08:05,"sooo, detox finished when? ğŸ˜„"
Silmavi,08:05,Here we can talk about Aajonus?
Unknown,Unknown,
Deleted Account,08:07,Detox! Hell yeah Aajonus
Silmavi,08:08,
Unknown,08:08,ğŸ˜‚ğŸ˜‚ğŸ˜‚ğŸ˜‚
Deleted Account,08:44,"currently recovering from cheat beer and meals, face looks red burned and itchy, fasting for 48h+ and then slowly eating liver and yoghurt. its crazy how well im currently at reading my body needs"
Unknown,08:55,what is aajonos saying about fasting?
Deleted Account,08:56,Not to lol
Unknown,08:57,
Deleted Account,09:00,5h and cell become cannibalistic?
Deleted Account,09:01,Iâ€™ve always found that funny
Unknown,09:01,"As in, something doesnâ€™t seem right with that statement"
Deleted Account,09:02,you can go through 36h of fast depleting glycogen stores. And technicaly only after this pont fasting starts.
Deleted Account,09:38,"for me its a tool to rest the digestive system, going through candida die-off and its over 70 toxins beeing released is a lot of work for the liver, kidneys and gut"
Unknown,Unknown,
Silmavi,15:36,Cheese and honey btw meals?
Unknown,15:36,Sounds good
Unknown,15:36,Just cheese is faster
Unknown,15:36,A little
Unknown,15:37,Ok
Deleted Account,15:37,Sounds like eating all day longğŸ¤”
Silmavi,15:37,No fasting....
Unknown,15:38,No craving sweet then
Deleted Account,15:39,It depends on type of your metabolism also.
Silmavi,15:40,when you eat it alone?
Unknown,Unknown,
Silmavi,15:42,Good idea to eat it once wuth honey and once alone
Unknown,15:43,My kids eat it with the meal.They aren't at home btw meals
Unknown,15:43,I will do it during week end
Deleted Account,15:44,Yesterday I had nausea after several hours passed from second meal.Today I had zero hunger until 20h+ passed after previous that meal
Unknown,15:45,Today I made only one typical meal enhanced with 4 egg yolks
Unknown,15:46,So they ate clay? Act Charcoal will do the job?
Unknown,15:48,"4,5 h passed I feel neutral, zero hunger and body warmed itself to confort temperature. Before meal I felt colder than normal."
Unknown,15:49,Thx Ring
Silmavi,15:53,So when you have enough fat you feel nausea if you eat it?
Deleted Account,15:57,"So guys, water=bad?"
Silmavi,15:59,I have dry skin even if i drink twice lubrication formula
Unknown,16:07,Is there a limit in drinking lubrication firmula to get some fat?
Deleted Account,17:22,@ubeats1 could you please advice any source/book/literature about detoxification? Besides Aajonuse's books?
Deleted Account,19:08,"Funny, just yesterday I committed myself to eating way more fat. Iâ€™ve always had trouble digesting/utilizing (cooked) fat throughout my life. Also had a big problem with alcohol a few years back, very interesting to see Aajonus link those two."
Unknown,19:12,"Had a ton of fat 12 hours ago, donâ€™t even want to think about food right now. Skin is noticeably more hydrated though"
Unknown,19:14,"Iâ€™ve had super high fat meals / nights before, just havenâ€™t committed to it for a period of time"
Unknown,19:14,"Not quite, but borderline"
Unknown,Unknown,
Unknown,Unknown,
Unknown,Unknown,
Deleted Account,00:43,Yo what's up fellow primates ğŸ¤£
Unknown,00:44,Only 12 here huh
Unknown,00:48,12 clay eaters?
Deleted Account,00:49,12 lubrication formulators
Deleted Account,00:49,Have you experimented much with clay Ring?
Unknown,00:50,12 parasite lovers
Unknown,00:52,I have it a few teaspoons in 800ml
Unknown,00:52,French green
Unknown,00:53,The manufacturing process I have to find out
Unknown,00:57,Frank tufano
Unknown,00:58,Hahaha I no longer watch his videos
Unknown,00:59,As with a lot of other ppl
Unknown,00:59,Just a gateway
Unknown,00:59,to the diet
Deleted Account,03:43,Thx for links and info
Unknown,Unknown,
Silmavi,10:46,Sorry what's WAP?
Unknown,10:47,I will do it too. Love sun
Unknown,10:47,ğŸ‘
Unknown,10:48,Use a spiritual board
Unknown,10:48,Ouija ....
Unknown,10:49,But you need more than one person
Unknown,10:49,I will take a sin bath today
Unknown,10:49,I fell like
Unknown,10:49,Sun
Unknown,10:50,I live in first floor...no naked
Unknown,10:51,Cold here
Unknown,10:51,I take in my room
Unknown,10:51,Is it ok through window or must i open it?
Unknown,10:52,Ok that's what i supposed.I open it
Unknown,11:00,ğŸ˜‚ğŸ˜‚ğŸ˜‚
Unknown,11:03,By the way how old are you?
Unknown,11:05,When i was 24 internet didnt exist
Unknown,11:05,It was great age.Enjoy it!
Unknown,11:06,Agreed
Unknown,11:06,I like now too
Unknown,11:07,Well i met my husband with 24.
Unknown,11:07,Yes
Unknown,11:08,I had to wait long!ğŸ˜…
Allu,11:15,It's nice
Silmavi,12:25,To know he existed
Unknown,12:26,Very warm here
Allu,12:32,My father got me when he was 24yo
Silmavi,12:33,My mother had 3kids at 24
Unknown,12:34,I hadmy first with 31
Unknown,12:35,You are young.plenty of time left
Unknown,12:35,If you still vwant kids
Allu,12:40,Propably raw
Unknown,12:43,"No wonder he was full of energy, he didn't have toxic meat and fish in his diet"
Unknown,12:43,Only hormones from milk
Silmavi,12:47,I don't understand when people choose violence in a couple instead of communication.
Unknown,12:50,I had my share of misunderstanding s but we made it.We are like dinasours now.Rare specimen.... married in 1998 and still together...and he supports me in raw carnovire...
Unknown,12:51,ğŸ˜‚ğŸ˜‚i must feel fine in this group sharing personal info that is not about  food.Good thing
Unknown,12:53,Milk is good for sex?
Unknown,12:59,I am mad at me because i got things in the wrong order.i Should have started with raw meat instead of raw veggies and i would have saved lots of health and time. When i was with veggies the world was pro meat and now i am pro meat and the world is pro veggies and grains.
Unknown,13:00,And doctors trying to kill us with medicines
Unknown,13:02,I don't know... thoughts come to my head
Unknown,13:03,May be is the warm weather.Too warm for winter here
Unknown,13:04,I bought mouth to try raw
Unknown,13:07,
Unknown,13:10,Yes fish
Unknown,13:11,
Unknown,13:17,
Unknown,Unknown,
Deleted Account,15:59,Is it true that Aajounis healed someone with ALS?
Unknown,16:04,Aajonus *
Unknown,16:10,Impressive
Deleted Account,16:46,Drama
Unknown,16:49,This is partly true. You may influence others' opinions with logic and evidence tho.
Unknown,16:50,"I do sungazing too. But I don't really believe in it being healthy. I do it "" for fun"""
Unknown,16:51,"Well, nothing for you to gain petsonally"
Unknown,16:51,Personally*
Unknown,16:54,My minimum is 4
Unknown,16:57,Rant time?
Unknown,17:07,Relate to what?
Unknown,17:08,"Yeah, I was that dogmatic person and maybe still am to some degree"
Unknown,17:11,Ouch...
Unknown,Unknown,
Deleted Account,19:26,I don't understand guys... I ate tons of honey and drank litres of milk and orange juice. I gain 2 kilos of weight. But since I stopped recently I'm so fast back at my stable 50kg again...
Unknown,19:30,Hmm
Unknown,19:31,Nice chemtrails bro
Unknown,19:32,That's true it's hella expensive :D
Deleted Account,19:39,I hate when people hear â€œsun gazingâ€ and they assume itâ€™s staring at the sun mid-day
Silmavi,19:41,What is sun gazing actually.I don want to get wrong info from Wikipedia
Deleted Account,19:50,It's very pleasant in the summer evenings. I usually sit on a rock for a couple of hours and stare at the sun. everybody thinks I've gone totally irreversably nuts
Allu,19:53,"Nice, I started making viili/filbunke from milk"
Unknown,19:53,Here in Finland I usually buy 16litres of milk per week
Deleted Account,19:56,"Aleksi, how do U make viili? ğŸ˜®"
Allu,19:56,Put raw milk in some container in roomtemperature and add little bit of finnish store bought Viili or just very old fermented milk with it
Unknown,19:56,Now I'm trying with 1litre of raw milk+1pack of Viili
Silmavi,19:58,My husband just loves the viili we make with raw.milk.Best viili ever he says
Allu,19:58,
Unknown,19:58,All my grandparents used to make this in their homes from rawmilk
Unknown,19:58,How you make it?
Silmavi,20:00,Just put the milk in glass jar and ket it fermebt in warm dark place fir two days.I put on the radiator and gies faster.Then in fridge...my kids like it cold
Unknown,20:01,
Allu,20:02,
Unknown,20:02,I have started doing so too
Silmavi,20:02,So i don't wash it and just put more milk?
Allu,20:02,Thumb is almost 100% recovered
Silmavi,20:08,Good
Unknown,20:11,Stanby means you don't use it for fermenting?
Unknown,20:12,Meanwhile you keep it in the fridge?
Unknown,20:13,Ok!
Unknown,20:13,You don't drink raw milk cold?
Unknown,20:14,Ok
Unknown,20:15,I did that too! Good
Unknown,20:15,I am going to be milk freakğŸ˜‚
Unknown,20:16,Now iam eatin cold Smetana
Unknown,20:16,Fat for not to have cravings later
Unknown,20:19,Thanks to you Ring! I hope it works.Lastvtwo days were hard snd i ate bad
Unknown,Unknown,
AntÃ³n LeitÃ³n,22:30,4 days without me? ğŸ˜‰
Silmavi,22:33,Where were you?
AntÃ³n LeitÃ³n,22:39,"Looking directly at the sun. First day, 10sec. 10 more sec each day."
Unknown,22:40,I have gained 27kg
Silmavi,22:40,Ok
AntÃ³n LeitÃ³n,22:42,I have been trying it for 2 weks. But too much clouds in north spain at these hours
Unknown,22:44,"Primal is raw carnivore+raw dairy+raw milk, vegetable juices, a little fruit...Not only raw carnivore"
Unknown,22:45,Each day I am more in love with Aajonus
Deleted Account,22:45,Lol
Silmavi,22:45,He seemed to have saved your health
Deleted Account,22:47,"Also primal comes with a bit of a lifestyle aspect it seems, vaccines, antibiotics, plastic, EMFs, etc"
AntÃ³n LeitÃ³n,22:49,ğŸ‘ğŸ»
Unknown,22:50,"In patients with dangerous illneses, he made them eat each half and hour"
Unknown,22:51,White clay?
Unknown,22:52,30 min after a meal
AntÃ³n LeitÃ³n,23:09,"You cam add Cream, eggs or honey"
Unknown,23:11,Als?
Deleted Account,23:13,https://en.m.wikipedia.org/wiki/Amyotrophic_lateral_sclerosis
Unknown,23:13,Considered incurable by mainstream science
AntÃ³n LeitÃ³n,23:13,I am doing that for 2 months
Unknown,23:15,Thanks
Unknown,23:22,Dont forget to drink 1 glass of raw milk before going to sleepGood night!
Unknown,23:26,Wouw2 min for me
Unknown,23:26,Dont you think that milk could loose nutrients and enzymes in the fridge?
Unknown,Unknown,
Deleted Account,00:30,Eating papaya seeds for the parasites. They are pretty spicy!  Has anyone here ever done a parasite cleanse or something?
AntÃ³n LeitÃ³n,05:48,I love parasites...ğŸ˜‚They do their job
Unknown,05:48,I have enough glass jars
AntÃ³n LeitÃ³n,09:00,That would be the second one.The first is: Raw dairy is amazing with a little honey ğŸ˜‰
Deleted Account,09:11,Morning
AntÃ³n LeitÃ³n,09:17,17kg 1 month gaps+ 1 month keto10 more kg in 2 month with primal diet
Unknown,09:18,More wight when I eat cooked at restaurants
AntÃ³n LeitÃ³n,09:39,ğŸ˜‚ğŸ˜‚ğŸ˜‚ğŸ˜‚ğŸ˜‚ğŸ˜‚ğŸ˜‚
Unknown,09:39,ğŸ¤£ğŸ¤£ğŸ¤£ğŸ¤£ğŸ¤£ğŸ¤£ğŸ¤£
Unknown,09:40,We are weird people
Allu,10:15,
Silmavi,10:49,ğŸ˜‚ğŸ˜‚ğŸ˜‚
Silmavi,11:38,
Unknown,11:38,Does anyone follow this?
Unknown,11:40,Did you feel better?
Unknown,11:47,I try to see what kind of green juice...and as i don't have a juicer try to do it with my old Thermomix
Unknown,Unknown,
Silmavi,11:58,Just put the milk in the Machine?
Unknown,11:59,Teaspoon?
Unknown,11:59,Ok
Unknown,11:59,Then on the second batch yo use your own?
Unknown,12:00,Tastes different vfrom fermemted milk?
Deleted Account,14:04,What?
Deleted Account,14:10,i would suggest you a colonoscopy
AntÃ³n LeitÃ³n,14:53,I dont digest well kefir
Unknown,14:54,"Bad day today.Very, very tired. Pain in all bodyThirsty as hell"
Silmavi,14:56,Can it be the warm weather?
Unknown,14:56,Warm promotes detox
Deleted Account,15:05,Superstitious in my opinion. Why would the liver know on which day it should do a special clense and with everyone on the same day?
Silmavi,15:07,Is there s calendar for every organ?
Unknown,15:08,Like the hours of the night when organs do the cleaning
Deleted Account,15:08,"I don't feel anything special though, maybe a bit now since you mentioned that stuff"
AntÃ³n LeitÃ³n,15:19,
AntÃ³n LeitÃ³n,15:19,Anybody has a worm for me? ğŸ˜‚ğŸ˜‚ğŸ˜‚
AntÃ³n LeitÃ³n,15:23,
Deleted Account,15:24,The parasite I have is common in a lot of people. For some they can cause symptoms. Perhaps because they are dominating. They LOVE sugar too.
Unknown,15:25,Pretty sever.
Unknown,15:26,Severe
Unknown,15:27,"Can t poop, bloating burping all the time, rash like acne on my jawline. Even getting bloated from a bit of herbal tea or a sip of water. Bone broth and vegetable juice gave me severe pain in my jawline I remember. The symptoms are getting less now"
Unknown,15:27,When it started I vomited and was nauseous with an extreme pain in my abdominal area
Allu,15:28,"No the opposite, lot of energy today"
Deleted Account,15:29,Yeah it was upsetting because I experienced such a healthy state before that. I get really down from acne.
Unknown,15:31,"And it came out of nowhere kind of. So it doesn't seem like it was build up, but I got infected with something"
Unknown,Unknown,
Deleted Account,16:09,I was eating animal based and had some mochi and pancakes here and there. Made with raw milk butter and eggs and I put honey on them.
Unknown,16:10,Malaria pills And injections I know nothing about. I didn't get any of them when traveling or never looked to get them
Unknown,16:11,Craving raw milk kefir a lot. X_X
Silmavi,18:20,ğŸ˜³ğŸ˜³ because they always find something?
Unknown,18:21,ğŸ˜‚ğŸ˜‚with drugs
Yan,18:31,"dont u think theres a reasonable chance its depending on genes to a meaningful degree, some ppl doing fairly well on plants and others dont due to lacking certain enzymes, having more of others and a bunch of other stuff"
AntÃ³n LeitÃ³n,18:44,Killing all bacteria
Deleted Account,19:12,
Unknown,19:12,"So fucking good, I love this shit"
Unknown,19:13,Picked up some kefir grains from them too
Allu,20:52,depends on sausage?
Unknown,20:52,"If it's just made from intestinal, fat and muscle meat it can be very nice"
Unknown,20:53,if its smells fine eat it:)
Deleted Account,20:53,Prob fine then
Allu,20:53,smell tells it all
Deleted Account,20:53,The nose donâ€™t lie
Unknown,20:53,Lol yep
AntÃ³n LeitÃ³n,21:24,High lever smell is awful.
Deleted Account,22:32,Eating more fiber and I am constipated even more. Fiber is a LIE
Unknown,22:32,Stopping It right away
Silmavi,22:43,
Unknown,22:43,Katsumi
Unknown,22:44,Here
Unknown,22:44,
Deleted Account,22:45,I am taking clay in the morning sometimes
Unknown,22:46,And fat helps a lot for bowel movements. Unfortunately where I am at now my options are really limited. One of my only sources is avocado at the moment
Unknown,22:46,I don't eat butter because it is all pasteurized hete
Unknown,22:47,Thanks!
Unknown,22:48,But my gut surely got worser because of the anti biotics. So it is not super surprising.
Silmavi,22:50,Take careğŸ˜˜
Deleted Account,22:51,Thank you I will :)
Silmavi,22:51,â˜ 
Unknown,22:51,ğŸ˜·ğŸ˜·ğŸ˜· doctorsğŸ‘»
Yan,22:52,good luck avoiding doctors after u been in a carcrash ğŸ˜
Deleted Account,22:52,"Only good for emergency-type situations, broken bones, things like that"
Deleted Account,22:52,They just don't understand nutrition that well or at all. I know there are doctors with good intentions yet not knowledgeable about anything other than medicine
Yan,22:52,u ll be eternally grateful they exist
Silmavi,22:52,Sometines they are helpful yes
Deleted Account,22:52,Haha yea you hate em until you need one ğŸ˜…
Silmavi,22:53,I drive to get my milk
Deleted Account,22:53,I agree
Deleted Account,22:53,Generally though theyâ€™re useless at best
Silmavi,22:54,We take advantage of them when necessary
Yan,22:57,how does one that considers a vegan diet unhealthy/toxic explain highlevel athletes that kill it while on a vegan diet(outperform everyone else that does eat alot of meat etc)
Unknown,22:57,been thinking about that
Deleted Account,22:59,Professional athletes?
Yan,22:59,"i see alot of plantbashing, yet there are people crushing all â€œmeateatersâ€ while eat truckloads of veggies"
Unknown,22:59,yes
Unknown,22:59,like ufc fighters for example
Unknown,22:59,performing at highest level
Unknown,22:59,on vegan diet
Deleted Account,23:00,"Didnâ€™t know that was the case, Iâ€™m not big on ufc. Guess it depends how long theyâ€™ve been vegan for."
Yan,23:00,the diaz brothers for example
Unknown,23:01,there are a bunch
Unknown,23:01,just google vegan ufc fighters
Unknown,23:02,"i just like to play devils advocate, cos as i said i believe some ppl might do better on vegan diet than carnivore diet"
Unknown,23:02,just because it suits their bodies better
Unknown,23:04,that doesnt mean anything lol
Unknown,23:04,venus williams
Unknown,23:04,vegan
Unknown,23:04,hamilton vegan
Unknown,23:04,defoe vegan
Unknown,23:05,yes full of roids
Deleted Account,23:05,Also PEDs and genetics
Yan,23:05,like everyone else in the scene
Unknown,23:07,time will tell
Unknown,23:11,"The one mistake i thought all diets i tried had in common was that imho, people start to get tunnelvision, similar to a religion where in their mind their believes are the truth and everyone else is wrong. Clearly carnivore diet works wonders for a lot of ppl no doubt, but the probability that its not optimal for a certain % of humanity seems extremely high"
Deleted Account,23:15,"What do you think about all raw animal products? Fish, eggs, ruminants, organs etc"
Yan,23:15,i would argue the same thing about animal based diet. There is no one fits all
Deleted Account,23:16,"I mean, thereâ€™s a reason the bioavailability of nutrients from animal foods is so much better, no?"
Yan,23:27,thats exactly what my vegan friend told me too lol
Unknown,23:28,regarding the â€œread the science yanâ€ part
Unknown,23:28,"i obviously believe veganism isnt the way to go for myself at all, just saying everyone seems to have science on their team"
Unknown,23:30,vegans claim u should accept their science
Deleted Account,23:30,"Thing is, the carnivore group on here is actually very into high quality, organs, etc. Thereâ€™s other groups where people eat basically nothing but fully cooked, grain-fed hormone antibiotic meat"
Yan,23:30,"u say they wrong , they say u wrong"
Unknown,23:30,everyone has studies to show that back their claims
Deleted Account,23:32,Didnâ€™t most indigenous groups typically average 70% of calories from animal sources?
Unknown,23:34,Itâ€™s really just common sense to me. Go out deep in the wild and tell me how much you can sustain yourself on nothing but plants.
Unknown,23:35,"People are also nomadic, you canâ€™t just move to a new place and start eating all the plants you donâ€™t recognize"
Unknown,23:38,"Also domestication and breeding of fruits and vegetables, gives people an unrealistic sense of what veganism would look like in the wild"
Unknown,23:39,I donâ€™t put all my eggs into the â€œscientific studiesâ€ basket. I enjoy reading them and picking them apart. But for me itâ€™s more of a common sense thing than anything
Unknown,23:39,Oh yea and winter ğŸ˜…
AntÃ³n LeitÃ³n,23:47,I think I would prefer pasteurized butter than avocado
Yan,23:50,na im reading
AntÃ³n LeitÃ³n,23:51,"First vegetarian year, I did 1 half Ironman and four 40km trail racesForth year, second vegan, I could not play with my children."
Yan,23:52,"im not saying u wrong btw, my whole point is u might not be as right as u think"
AntÃ³n LeitÃ³n,23:55,I was cold at the beach this summer. 2 t-shirts.Now it is cold outside and I am in t-shirt
Unknown,Unknown,
Deleted Account,00:09,They weren't even really vegan. Consuming fish still I think
Unknown,00:11,Why?:)
Yan,00:19,think or know
Unknown,00:20,"even if they 90% vegan, they fighting the toughest guys in the world in their weightclass lol and successfully. So it definatly has worked decent for them"
Unknown,00:25,na majority of my caloried come from animal based food
Unknown,00:26,just like playing devils advocate cos i think the whole thing is likely not as clear as night and day as its being portrayed
Deleted Account,00:28,That can apply to almost anything though
Yan,00:35,"depends on the topic but yea, when it comes to humans and health u could probably apply it almost anywhere cos its such an extremely complex field"
Unknown,00:35,and we are far from having solved it
Unknown,00:37,think the smartest thing to do is go with what feels best for you individually and always keep an open mind to admit u were wrong about sth and adjust them down the road
Unknown,00:37,"probably the reason why so many vegans are getting rekt, they been doing it since so long, would be too big of an ego blow to admit they been wrong the whole time"
Deleted Account,00:38,I think people in here generally have an open mind
Yan,00:38,that its not the holy grail
Deleted Account,05:11,It is difficult to trust anybody saying I'm strict vegan/carnivore/primal because you can't spend all day with them observing exactly what they are eatingYou can tell crowd that you are a vegan but eat meat when no one sees you.
Unknown,05:14,Especially I most suspicious about celebrities/stars/sportsman claimsThey obviously making money on every simple word spoken in public
Unknown,05:19,"This genius man said that mainstream medicine makes you fibre-dependent in inestinal health after killing your bacteria with meds and lifestyleğŸ˜Sounds mind blowing, going to test and researchThx for sharing"
Unknown,05:33,"Recently I consulted with my colleague gastroenterologist. I asked her how could I bring back acidic stomach pH after losing it during GERD medication.She was stunned ğŸ˜ with this question and asked ""why would I do that"".Indeed it is strange desire of person to restore normal physiology of his person, isn't it?"
AntÃ³n LeitÃ³n,08:46,I think that animal based is more nutritive. I prefer Enzyma and bacteria from animal that from a fruit
Unknown,08:48,"I was vegan for 1-2 years. And lost all my energy, had cold all day long, lost strentgh, weight, hair, my nails were broken, had problems in the skin, etc"
Deleted Account,09:50,I do
Silmavi,10:14,@tchret how do you make yogurt? I found my machine.Just put milk in the glass and two teaspoons of yogurt and let it 24 hours?
Silmavi,10:47,Thanks!
Unknown,10:55,Good idea!
Silmavi,12:45,Calms your stomach?  In the morning my stomach is sleeping
Unknown,12:46,Ok
Unknown,12:50,ğŸ‘Œ
Unknown,12:51,Then please share
AntÃ³n LeitÃ³n,13:50,Im going to try with clay
Unknown,13:52,"I have to buy it white, isn't it?"
Deleted Account,13:52,Yeah I was still really fit the first year vegan. Playing high level of soccer. I quit eventually because I got physically so weak.
AntÃ³n LeitÃ³n,13:58,It is expensive
Deleted Account,14:15,So you stimulating appetite with cheese?
Deleted Account,15:03,Is beef liver's copper to zinc ratio bad?
AntÃ³n LeitÃ³n,15:22,Cattier Arcilla Verde Superfina - 3 kg: Amazon.es: Bellezahttps://www.amazon.es/gp/aw/d/B004YZP19M/ref=ox_sc_act_image_1?smid=A1AT7YVPFBWXBL&psc=1
Unknown,15:22,14â‚¬ 3kg
Unknown,Unknown,
Deleted Account,17:16,Good answer ğŸ‘ŒğŸ’ª
AntÃ³n LeitÃ³n,18:42,Do you know why raw milk helps people to gain weight? Even if they are eating lots of meat and fat
Unknown,18:43,Easier to assimilate?
Yan,18:43,lol
AntÃ³n LeitÃ³n,18:55,Best than beef liver?
Unknown,18:55,Or than bone marrow?
Deleted Account,18:58,Thatâ€™s what itâ€™s made for.. growth
Unknown,Unknown,
ray,19:04,i know a guy who does that and he's gained 10kg i think
Allu,19:04,My friend Dorus has gained muscle
Deleted Account,19:05,"Guys, I gotta confess... I'm a satanist. I went to sauna which is totally unnatural!"
ray,19:07,best thing to eat after sauna? cheese and honey? whats the traditional stuff
Deleted Account,19:08,I'm eating beef liver atm
ray,19:08,damn ring. what weight did you start at?
Allu,19:08,Something that has liquid/water
Unknown,19:09,Raw milk and beef fat
ray,19:09,cool thanks aleksi
Unknown,19:10,"ah. im super skinny too, like 58kg. finally found a good source of meat, organs and fat though. milk on john's jerseys is pretty expensive though. need to find a local source"
Unknown,19:25,nah their milk doesn't taste good
Silmavi,19:28,My cowman puts iodo in the udders after milking the cow
Unknown,19:29,To make like a plug in the udder so that nothing from outside goes in...
Unknown,19:30,Is that normal?
AntÃ³n LeitÃ³n,19:55,"The more fat I eat, the more thirsty I am"
Unknown,19:56,some people recommends cheese when waking up to neutralize toxinsAnd aajonus vegetable juice.After sauna could be the same
Allu,20:32,
Unknown,20:33,Was iceswimming today
Deleted Account,20:34,I hate cold showers
Unknown,20:34,I'm a total pussy
Unknown,20:37,Ypu gotta be honest to yourself. When you're honest to yourself you can be honest to others too
Unknown,20:39,I have 15years and 10 months. Gotta make the months count
Unknown,20:41,+the 10 months
Unknown,20:42,"Ok ok, you can have it your way"
Deleted Account,20:44,At 15 my lunch was weed lol
Deleted Account,20:44,:P
Allu,20:44,Its very nice in summer
ray,20:46,"cold showers bring us closer to nature, there is almost no hot water in nature. it makes you feel good afterwards and you tolerate the cold more. when you come out of a hot shower you'll feel cold, from a cold shower you'll feel warm"
Deleted Account,20:48,right into my soul
Unknown,20:49,"a general question, who of you guys werenâ€™t breastfeed and do you think it may be a cause of some of your problems?"
ray,20:50,"i think quick cold showers, as much as you can tolerate, maybe once a week can't be too bad. forcing yourself to spend 10 mins in cold water frequently seems extreme"
Silmavi,20:53,I used to wear socks all day long with mucusless dietwith carnivore not any more....i prefer to stay away from cold water
Unknown,20:55,Only think of it at night when i feel.my feet are balls of fire and can't sleep ....but i am too lazyvto go to the bathroom an put cold water on my feet
Unknown,20:55,My feet are on ğŸ”¥ fire sometimesğŸ˜‚ğŸ˜‚ğŸ¤·â€â™€
Deleted Account,20:59,Nothing is black and white
Unknown,20:59,"But then again, that statement contradicts itself"
Deleted Account,21:00,Lol Iâ€™ve never thought of that
AntÃ³n LeitÃ³n,21:15,"Then, why eating meat?More expensive and difficult to digest"
ray,21:16,"if we lived in nature there is pretty much no hot water anywhere, so it's natural to experience it, even if you bathe once a month"
Deleted Account,21:34,Meats taste good
Deleted Account,21:37,I love ground beef
Deleted Account,21:37,I like ground beef too
Deleted Account,21:37,Iâ€™ve heard itâ€™s just a lot of bad beef in the UK? That true?
Unknown,21:49,Thatâ€™s weird. Not enough fat or something? I can eat ground beef much much faster than steak
Allu,21:54,When I was In uk/London I ate 50% fat groundbeef it tasted crappy quality
Unknown,21:56,From a butcher
AntÃ³n LeitÃ³n,21:57,And milk has low amount of fatWhat would be the perfect protein / fat ratio? ğŸ¤”
Silmavi,22:27,Me too
Unknown,22:28,ğŸ˜±
Deleted Account,22:54,But it is interesting how the north has these hot springs I think. Everything seems so perfect.
Unknown,Unknown,
Deleted Account,08:51,Every day taking min one cold shower for about 3 months
Unknown,08:55,"It is chronic stress without restoration, deep burnout of the system"
Deleted Account,09:33,Can you eat too much beef liver?
Unknown,09:42,Is that too much in the long run?
Unknown,09:44,Atleast I got 100x the rda in a few days ğŸ’ª
Unknown,09:45,My body tells it wants more. Or it's just me...
Unknown,09:46,Good thing I ate 2kilos of herring too for the D3
Unknown,09:46,"Herring is cheap, like really cheap"
Unknown,09:46,I got the 2kgs for 10â‚¬
Unknown,09:49,Who? Me?
Unknown,09:49,Liver and lots of it
Unknown,09:50,That's correct
Unknown,09:57,Do that
Unknown,Unknown,
Yan,11:05,"good stuff, cheers"
AntÃ³n LeitÃ³n,11:18,Eating 8 weeks out of the fridge beef liver
Silmavi,11:20,Thanks!
Samupaha,14:59,"When I was a kid, I was taught that liver should not be eaten very often. Only once a week or so. But I can't remember the reason... I think it might have been because of too much iron."
Deleted Account,15:02,Blood is 5 times higher in iron. And you could eadily overdose on it then. I don't think it's the iron
Samupaha,15:10,Or vitamin A.
ray,15:18,maybe copper
Samupaha,15:40,I'm just eating raw liver. ğŸ˜‹
Unknown,15:41,First time I'm putting on some salt on it. This is sooo delicious! ğŸ¤¤
Allu,18:16,@tchret is your grandfather france's first astronaut?
AntÃ³n LeitÃ³n,21:08,I eat 600g per day most days
Deleted Account,21:39,Iâ€™d probably add most other organs to that list of superfoods as well.
Unknown,Unknown,
Deleted Account,08:36,"Bought today rabbit liver, goose hearts going to try them. I expect they are not so dense in nutrients as beef ones"
Deleted Account,08:38,Rabbit liver sounds delicious
Deleted Account,08:39,I'll compare it with beef's and let all knowğŸ˜‰
Deleted Account,09:17,And a little honey on top?Or fish eggs
Unknown,09:18,I thought you gave up it
Deleted Account,09:19,his belly is not large enough to give up yet ğŸ˜„
Deleted Account,09:19,"Not exactly, but it wouldnâ€™t be surprising to me"
Silmavi,09:19,I copy
Deleted Account,09:21,Thatâ€™s how it starts ğŸ˜œ
Deleted Account,09:21,
Deleted Account,09:22,"I bought some earlier too hah, first honey in 2 months or so"
Deleted Account,09:24,yummy
Allu,09:25,"Vegan meal, from 100% Vegan animal"
Yan,11:05,yea they clog up
Unknown,11:06,think its fairly common / heard this frequently
Deleted Account,17:57,I ate marinated chicken wings and I'm bloated af
Silmavi,17:58,What?
Deleted Account,18:00,Mashed potato?
Silmavi,18:00,Yes you wanted time ago
Unknown,18:01,Is your toomy like  a balloon?
Deleted Account,18:01,"Gotta admit, mashed potatoes are guud, but with a ton of butter"
Unknown,18:02,Do potatoes have a lot of antinutriens?
Silmavi,18:03,Lucky you!
Unknown,18:04,"If you put fat in it ,is the same as if you put egg?"
Unknown,18:04,Thinking in spanish tortilla
Yan,18:09,"i read people saying sometimes that they get this feeling of craving meat or intestines. Sometimes i feel the same but other times i have this same feeling craving rice and potato, yet im being told they arent good for me. Anyone got an explanation for this?"
Unknown,18:11,or my body genuinely likes/does well on rice/potato
Unknown,18:12,from a logical pov it does make sense. Its the same type of craving :)
Unknown,18:12,"anyway, gonna go for a big pile of potatoes and see how i feel after"
Unknown,18:12,will report back if it was a bad decision :D
Unknown,18:24,cos i worked out alot today and im super hungry for carbs ğŸ˜‚
Unknown,18:24,and i wanna see if it makes mefeel bad
Silmavi,18:35,Boiled or fried potatoes?
Yan,18:35,boiled
Silmavi,18:35,If you eat them cold they loose starch
Unknown,18:35,Warm the are sticky
Unknown,18:36,They
Deleted Account,22:55,"I sinned and cooked some meat last night. Almost 700g bison ribeye that I had in the freezer. Didnâ€™t taste that great, it was good but definitely something missing. I was hungrier after eating it than when I started"
Unknown,Unknown,
AntÃ³n LeitÃ³n,07:39,+1ğŸ‘†ğŸ»
Unknown,07:40,Put them in the fridge after boiling them
Deleted Account,07:58,"it's the potato, the carb gave you a sugar drop."
Deleted Account,07:58,I wasnâ€™t the one who ate the potato ğŸ˜… my meal was all beef
Deleted Account,07:59,lol maybe itâ€™s the sight of the potato
Deleted Account,07:59,Lol just the thought of it was enough to change my blood sugar
Deleted Account,08:01,beef mixed with curry powder and pepper soaked in olive oil and soy sauce. international ingredient list.
Deleted Account,08:07,"I don't know why, but beef liver gives me elevated mood .Especially which started to ferment.This feeling comes from belly/gutğŸ¤”"
Unknown,08:12,"What is proper taste of fermented/high liver? Mine becomes very sour on the surface, but stays a bit sweet inside. It  9-10 days old. I just left it in fridge in metal plate, covered with glass plate with little air"
Unknown,08:12,Miraculous
Unknown,08:13,Any special recipes for fermentation of hightening meat/organs?
Deleted Account,08:14,Not that Iâ€™ve heard of
Deleted Account,08:30,As I said it only began the process but already changed taste
Silmavi,08:34,Nigtmare but not belly inflammation?
Deleted Account,08:37,"I' ve got nightmares and headache after pancakes, bread, sweet cream three weeks ago"
Unknown,08:38,Becoming extra sensitive to foods
AntÃ³n LeitÃ³n,13:54,"I cut the liver in bite pieces, put in a glass jar. Half of the jar empty. Depending on the rush I have: 1. Let it out of the fridge 2-3 weeks and open it 5 min every day2. Let it in the fridge 4 weeks and open it every other day"
Silmavi,13:56,"When you open it where do you leave the jar , by the window?"
AntÃ³n LeitÃ³n,13:58,yes
Unknown,13:59,"And then I eat 2 pieces, and 200 g of other meat and then close again the jar"
Yan,14:00,lol ğŸ˜‚
Silmavi,14:01,For dinner i eat omelette with cheese and evenn if i eat it at 21:30 i sleep well....ğŸ¤·â€â™€
Unknown,14:02,I drank fermented milk too
Unknown,14:02,My body loves ommelett vsnd cheese a bit melted
Yan,16:25,wasnt sure if that statement was serious
Unknown,16:25,cos then everyone would have nightmares every night right
Unknown,16:26,not really
Unknown,16:26,thought its more likely its some insider joke
Unknown,16:28,that doesnt mean tho cooked food causes nightmares in general. Its quite an extreme scenario getting back after 30 years
Unknown,16:38,"i dont know, personally i do fine on it"
Deleted Account,17:04,lol
Unknown,17:05,The single most powerful word of the English language
Yan,17:05,probably the word i use the most indeed when typing english ğŸ˜
Deleted Account,17:13,No Prozac for me
Unknown,17:15,Oh my... They fuuk up your brains
Yan,17:17,stick to psychodelics
Unknown,17:17,ğŸ˜˜
Deleted Account,17:17,Stick to LSD
Yan,17:18,"i genuinely believe lsd made me a better person, got many friends who argue the same"
Deleted Account,17:18,My friend once took 6 times the recomended doze and was hella wasted
Yan,17:19,"i took 4 hits once and went snorkling, was great lol"
Unknown,17:19,im getting old
Unknown,17:19,just turned 27 ğŸ˜­
Deleted Account,17:19,I'm getting nowhere. I'm stuck at home
Unknown,17:20,Soon to be 15 years and 11 months young
Unknown,17:20,Yes
Yan,17:22,why do i not believe that ğŸ¤”ğŸ˜„
Deleted Account,17:22,I love Steve Harvey!!
Unknown,17:23,Yes dad...
Yan,17:23,"i hope u not 15, cos u should stay far away from lsd if u are"
Deleted Account,17:23,That I might agree on
Unknown,17:24,"I stay, my friend didn't"
Unknown,17:25,He ain't looking too good nowadays...
Unknown,17:26,In the psychiatric hospital nowadays...
Unknown,17:26,Potatoes taste good tho
Unknown,17:28,I've eaten 1 week cooked now (exept the liver) and feeling a little bloated
Unknown,17:29,"But damn, herring fried in butter is too good"
Unknown,17:30,Do you guys get bloated from cooked meat or is it just me?
Unknown,17:31,"A little more than usual, yeah"
Unknown,17:31,Also I retain more water and feel heavier
AntÃ³n LeitÃ³n,17:31,ğŸ˜‚ğŸ˜‚ğŸ˜‚
Deleted Account,17:31,Could be the salt from thr butter
Unknown,17:32,Overly salted butter
AntÃ³n LeitÃ³n,17:33,and 11 months
Deleted Account,17:33,Yes!
Silmavi,17:33,Fermentation?
AntÃ³n LeitÃ³n,17:34,Me too. Bloated and heavier
Deleted Account,17:34,Interesting
Silmavi,17:35,Potatoes
Deleted Account,17:35,Feeling full. That doesn't happen with raw
Silmavi,17:35,Ok
Deleted Account,17:36,Now everyone seems to be obsessed with potatoes
Silmavi,17:36,Great!
Deleted Account,17:36,Posessed*
Silmavi,17:36,I love them but i look like pregnant if i eat them
Deleted Account,17:37,Like 3 or 9 months?
Silmavi,17:37,I ate potatoes everyday with mucusless diet
Unknown,17:37,Huge pregnancy
Unknown,17:38,I really can't understand ...i am a balloon and the rest of my body thin
Unknown,17:38,But now is great...i can't feel the digestion
Deleted Account,17:39,
Silmavi,17:39,ğŸ˜‚ğŸ˜‚ğŸ˜‚
Deleted Account,17:43,Oh C'mon :D
Unknown,17:58,Lmao
Unknown,17:58,lol*
Unknown,17:59,"Can I ask you, you think I'm male or female?"
Unknown,18:00,Ugh
Unknown,18:00,404 cannot compute
Unknown,18:01,But for real. Guys on instagram think I'm a god damn girl ğŸ¤”
Unknown,18:01,"Yeah, I'm a boii"
Unknown,18:02,
Unknown,18:02,:/
Unknown,18:03,Apparently I'm genderfluid
Unknown,18:04,"Nvm, now she asked me"
Unknown,18:07,I think we found a date for you! (do you live in London?
Unknown,18:07,ğŸ˜ğŸ˜
Unknown,18:13,This is quite embarassing. I changed my profile pic but this guy still thinks I'm a cute little girl. Time to inject some T and cut my hair
Unknown,18:19,Aleks is all honey in Finland raw?
Unknown,18:19,Or anyone who knows
Allu,18:33,"Majority, but there is also foreign honey sold so its good to know the source well"
Deleted Account,18:33,Thanks for the info
Deleted Account,20:38,Sounds like fun
Unknown,20:40,"Who's this ""lol"" guy?"
Allu,21:09,I think world is wonderful place
Unknown,21:10,This earth we live in
Unknown,21:10,Society is crap for sure
Unknown,21:11,People are getting more and more dependent on living in this system
AntÃ³n LeitÃ³n,21:58,"A glass of fermented milk, and going to bed with my medium child, Angel.Good night!"
Silmavi,22:40,Why are cereals bad for us?
Deleted Account,22:55,"Still very new in our evolutionary timeline, mainly cultivated because it could feed a lot of people, not necessarily because it was a healthy/good food for individuals to eat"
Unknown,22:55,Haha
Unknown,22:56,Nah man my Fruit Loops are health-giving
Silmavi,23:35,ğŸ˜…very detailed.Thanks!
Unknown,23:37,I liked frosted flakes....loads of sugar...i tried oat but didn't like the taste...
Deleted Account,23:38,Do you happen to have a link?
Unknown,23:39,Yea and I fucking loved eggs too! ğŸ˜¡ But didnâ€™t eat them because â€œcholesterolâ€
Unknown,23:40,I was prob 18-19 when I jumped on the keto train and made up for lost time though haha
Unknown,23:44,"Oh gotcha, thanks"
Unknown,Unknown,
Deleted Account,06:50,"I started keto 2 years ago for my digestive issues. It helped a lot but they started to come back again. I ate tons of greens. Like huge ammounts of kale amd spinach, raw... I think I got kidney stones. Last summer I decided to do the elimination diet. Only meat,cooked tho. I felt so fucking great again! Huge performance boost. Then I started watching Sv3rige and added things like raw liver. ""liver is an instant mood boost"". Then I tried steak tartare which I simply enjoyed. Raw meat is so easy to digest. And tada!"
Unknown,07:03,+I want to ensure good physical developement when I still can
Unknown,07:05,It's awesome how my jaw and my palate have become much wider. I have OK straight teeth now. I used to have crazy malocclussion. My teeth are getting straighter every day!
Allu,07:14,Your faceshape and wisdomteeth will hopefully develope perfectlyğŸ˜‹
Deleted Account,07:14,That's my goal.i wouldn't want teeth pulled out
Allu,07:15,That must be terrible for bones and facestructure
Deleted Account,07:42,I did/tried fasted upperbody workout with weights this morning since I wasn't hungry. It was ok but all I think it did was stunt my growth
Unknown,07:42,I'm shaking now
Unknown,07:46,I'm stupid. I do one arm dumbell rows with 2/5 of my body weight. If my form isn't on point I feel like my spine is gonna snap or something
Unknown,07:47,Now I regret doing this. I feel wasted
Silmavi,08:08,Do you eat only raw?
Unknown,08:12,I would like to fix my daughter's teeth but she doesn't like much raw meat so i give her meat rare . what's best for fixing teeth and help tooth grow?
Deleted Account,08:18,You know what Ringâ€™s answer is gonna be ğŸ˜…
Allu,08:19,"Organs, milk/dairy, fish, eggs, animal fat"
Deleted Account,08:27,Raw and cooked. Mostly raw
Silmavi,08:33,Thanks!
Unknown,08:34,Fine.Thanks
Deleted Account via @gif,08:48,
Silmavi  via @gif,09:17,
Deleted Account,09:56,Really bad gluten intoleranse. So much pain!
Unknown,09:57,And the fibre was fucking me up too
Unknown,09:58,But thank god I didn't turn vegan tho. I was thinking about doing that before I found out keto
Deleted Account,10:44,"Mine got all pulled out, if I only knew back then. All my wisdom teeth came out perfectly straight except for one a little bit diagonal. ğŸ˜­"
Unknown,10:45,"We live in such a weird world, especially if you live in the city"
Allu,10:48,"Nothing for me, I have all my teeth"
Deleted Account,10:48,Good!
Unknown,10:50,I found out that avocado makes me insanely depressed. I noticed since I stopped eating it. It still is crazy how certain foods can do stuff like that
Unknown,10:50,Eating butter now even though it isn't raw. But feels 10000 times better.
Deleted Account,10:51,That's crazy
Deleted Account,10:51,I thought so too!
Deleted Account,10:55,I'm feeling really weak now. I'm still shaking... Maybe I should buy some liver
Deleted Account,10:57,How was your sleep compared to before the potsto
Unknown,10:57,Potato
Unknown,11:01,And after the potato?
AntÃ³n LeitÃ³n,11:06,"I am sure that you know exactly what is good for them, but they need their time and you should adapt their needs. Lets enjoy the journeyDont rush. They are young. Baby steps"
Unknown,11:08,That was my opinion. Better an animal food even pasteurized than a veggie
Silmavi,12:18,It really takes so long to get it digested?
Silmavi,14:42,I ate raw red mullet
Unknown,14:42,Tasted good
Unknown,14:42,Liked it more than mouth
Unknown,14:43,
Unknown,14:43,Red mullet salmonete in Spanish
Unknown,14:44,Mouth is bocarte
Unknown,14:45,
Unknown,14:45,Bocarte is before they become  anchovy
Unknown,14:46,WordReference says mouth....
Unknown,14:46,ğŸ¤·â€â™€
Unknown,14:52,That's strange
Deleted Account,15:04,Does rinsing meats affect the nootrient content?
AntÃ³n LeitÃ³n,17:32,Why do you rinse it?
Deleted Account,17:37,I only rinse the herring. I just rinse them. I don't find it pleasant when they've sat in a murky watery substance a whole day at the supermarket
Silmavi,17:52,For milk lovers....my farmer puts iodine in the udders when milking to keep bacterias out.....so....is it still a good milk source? Or better this milk than no milk?
AntÃ³n LeitÃ³n,20:19,Anyone here is thirsty all day long?Electrlyte disbalance?
Unknown,20:20,Aaa. OkI dont rinse my beef
Unknown,20:21,Thanks for sharing
AntÃ³n LeitÃ³n,21:38,Dry mouth. Thirsty for liquids
Deleted Account,21:39,You donâ€™t drink any water?
AntÃ³n LeitÃ³n,21:42,"No.If i drink more water, i am more thirsty"
Unknown,21:43,All the milk i drink is 2 or more days fermented
Deleted Account,21:44,Even good mineral water?
AntÃ³n LeitÃ³n,21:48,Even:MineralTaken from a pondWith a little sea salt...
Deleted Account,21:51,Thatâ€™s odd
Silmavi,21:55,The man put the udders in a little container with iodine to keep bacteria away...
Unknown,21:57,Is it ok then to drink it?
Unknown,22:02,I try to record it next time
Unknown,22:03,He says that iodine acts like barrier and bacteruta from outside can't get in
Unknown,22:05,I couldn't find another...maybe they all do it
Unknown,22:06,1l is a lot
Unknown,22:07,It is muscular pain!! Yes#
Unknown,22:07,Don't blame milk
AntÃ³n LeitÃ³n,22:13,Shit is better than comercial  iodine ğŸ˜
Silmavi,22:50,I may dare to ask if the iodine goes to the milk
Unknown,22:50,So far the milk makes no side effects on my family
Unknown,22:51,Imagine his face
Unknown,22:51,I try to film him when he puts iodine
Unknown,22:52,He washes the udder with a soap too
Unknown,22:52,Ok ...iam not panicking there is poison all arround us
Deleted Account,22:54,I want to buy from farmers like this ğŸ˜
Silmavi,23:02,Do you put your egg under the tap before you eat them?
Deleted Account,23:05,I donâ€™t
Silmavi,23:22,I thought i had to wash them.
Unknown,Unknown,
Deleted Account,01:23,i had food poisoning from trying to do onsen tamago with unwashed eggs. ğŸ™
Deleted Account,01:39,Likely because you cooked it
Deleted Account,01:57,"well these were african eggs, so i don't know what goes onto the eggs if unwashed."
Unknown,02:02,we suspect what ever was on the shell got into the egg when the shell cracked during cooking.
Yan,08:16,ive been looking for a way to eat liver without having to taste it(i absolutely hate the taste). Ended up cutting raw liver into small pieces and just chugging them down with water like supplementpills or so. Any idea if thats an issue regarding digestion? Since missing out on the chewingpart etc
Allu,08:45,"Make smoothie of liver, raw milk and honey"
Deleted Account,09:02,"minced beef, raw egg and olive oil. iâ€™m sure we can sub beef for minced liver"
Silmavi,13:04,Eating raw mackerel.Is good.With cream
Unknown,13:07,Acv?
Deleted Account,13:12,apple cider vinegar
Silmavi,13:15,ğŸ‘ok
Unknown,13:18,Was it worth it?
Unknown,13:19,Ok
Unknown,13:21,Ofc!
Unknown,Unknown,
Yan,15:29,anyone got a good link regarding how to ferment milk or is youtubing just fine
Silmavi,15:33,https://youtu.be/yJgg1S2DLH8
Unknown,15:34,I ferment it like asra but as here the temperature is cold i put the jars on the heating
Unknown,15:34,What?
Unknown,15:36,ğŸ‘
Yan,15:37,damn shes pretty hardcore lol
Unknown,15:37,looks so innocent
Silmavi,15:38,She explains great and i have tried many things thanks to her.Like aged heart and beef which i really like
Yan,15:38,she drinks the whole egg including egg white ğŸ¤”
Unknown,15:39,i thought that could be problematic longterm
Silmavi,15:39,It is very refreshing
Unknown,15:39,Strsnge how my mouth likes it more every time
Yan,15:39,isnt that a sign tho
Unknown,15:39,that ur body doesnt agree with it
Silmavi,15:40,I drank egg like Aajonus yesterday
Unknown,15:40,From shell
Unknown,15:40,How?
Yan,15:40,doesnt fit the narrative eh
Silmavi,15:41,Ok.I don't notice anything
Yan,15:41,i guess it would help understanding why your body reacts
Unknown,15:43,"i love drinking raw eggs cos its the easiest way to get high quality proteins, does make me feel nautious sometimes tho"
Unknown,15:43,did it make u feel like u want to puke too
Unknown,15:44,"not actually puking, just the feeling"
Unknown,15:44,thanks for sharing
Unknown,15:44,right
Unknown,15:44,i understand that
Unknown,15:44,i dont want have that issue
Unknown,15:44,only the feeling on wanting to throw up
Unknown,15:45,for 30 mins
Unknown,15:46,yea
Unknown,15:46,my spelling was off lol
Silmavi,15:46,Hmmm.I always do a quick wash before crashing  the egg
Yan,15:47,between 5 and 10
Unknown,15:47,can i add anything
Unknown,15:47,to solve this
Silmavi,15:47,Aaaa detox!
Yan,15:47,so i can keep drinking 10
Unknown,15:53,guess i ll start with 5 again
Unknown,15:53,making my first liver shake now
Unknown,15:53,"milk, liver, honey"
Unknown,15:53,anything else?
Deleted Account,15:53,that didnt sound right haha
Silmavi,15:56,Amazing
Unknown,15:57,Between meals?
Unknown,15:58,I like them with fermemted milk
Unknown,16:00,I usually drink lubrication formula as water with the meal
Unknown,16:01,Yes....very and so i drink a shake egg and fermented milk
Unknown,16:02,Sometimes a must drin water.Dont know why
Unknown,16:02,Why?
Deleted Account,16:03,"I donâ€™t believe it, sounds like mainstream BS"
Deleted Account,16:06,Egg whites gave me HUGE acne
Unknown,16:07,Unbelievable how it cleared up after stopping drinking eggs
Unknown,16:08,But I've still got rosacea... Can't get rid of it ğŸ˜£
Unknown,16:10,Yes you do indeed
Unknown,16:11,Interesting
Unknown,16:12,Daphne reloaded has a skincare video on rosacea. Better rewatch it
Unknown,16:12,Redness
Yan,16:13,didnt taste as horrible as expected
Deleted Account,16:13,For me it's around my nose. Very light tho
Yan,16:13,pleasant surprise
Deleted Account,16:13,Honey makes everything taste good :p
Yan,16:14,wonder if theres anything else i can put to mask the taste more
Deleted Account,16:14,Did the liver taste very bitter on it's own?
Unknown,16:15,It's only a problem for white-ass people :P
Allu,16:18,
Yan,16:24,dunno but it tasted bitter abit in the shake
Unknown,16:24,was wondering what that was
Allu,16:27,
Unknown,16:27,Guess
Unknown,16:28,No thymus doesnt look like that haha
Unknown,16:28,Whole burbot fishroe sack
Unknown,16:29,Half a kilo
Deleted Account,16:29,Thymus is white/pink
Allu,16:29,Yes burbot is a big snake looking fish
Unknown,16:30,
Unknown,16:30,Not In one sitting
Unknown,16:30,In few days
Unknown,16:30,I only bought the sack
Pazarac,17:21,A giant walnut
Yan,17:54,surprised they allowed to sell that
Unknown,17:54,im jealous though
Unknown,17:54,#crazyrussians
Pazarac,18:11,Moloko ğŸ‘Œ
Deleted Account,18:16,I do
Unknown,18:17,The noise???
Unknown,18:18,Interesting
Unknown,18:18,That will probably scare the living hell out of my mom
Deleted Account,18:19,You close the lid?
Unknown,18:19,Iâ€™ve never had that happen
Unknown,18:19,Ah I keep a loose lid on it
Deleted Account,18:24,What? Don't you just leave it be?
Deleted Account,18:27,"I just got some kefir grains, gonna have a whole bunch of fun experimenting with stuff like that"
Deleted Account,18:30,So the thing on the top?
Unknown,18:31,How do you add it and when?
Silmavi,18:31,You ferment the milk without cream?
Unknown,18:35,ğŸ˜‚ğŸ˜‚ğŸ˜‚
Unknown,18:35,Deli shit
Unknown,18:36,I missed that one of AajonusğŸ˜•
Unknown,18:38,ğŸ˜­
Unknown,18:38,ğŸ‘Œ
Pazarac,19:09,Tchret you are the admin of justmeat ?
Unknown,19:20,Okay
Allu,19:55,True
Unknown,19:55,I agree In that thing
AntÃ³n LeitÃ³n,20:29,"The shit on the shell are good bacteria...ğŸ˜‹ğŸ˜‹ğŸ˜‹Pd: another idea for a t-shirt: ""i like the shit im my eggs"""
Unknown,20:30,Do you like cheese or butter or tallow. One piece of one of those each time
Unknown,20:30,ğŸ˜‚ğŸ˜‚ğŸ˜‚ğŸ˜‚ğŸ˜‚ğŸ˜‚ğŸ˜‚ğŸ˜‚ğŸ˜‚That is only for us...
Unknown,20:41,ğŸ˜³ğŸ˜³ğŸ˜³
Deleted Account,20:45,I donâ€™t buy it
Unknown,20:55,I am sure there is more biotin in the yolk than can be bound by the avidin in the white.
AntÃ³n LeitÃ³n,20:57,Me too
Deleted Account,20:57,Eating nothing but raw egg whites over a long period? I could see that being problematic. Provided itâ€™s a part of SAD
Unknown,21:03,"Whenever Iâ€™ve seen the avidin-biotin argument in favor of discarding the egg white, Iâ€™ve never seen anyone actually break down the figures"
Unknown,21:04,"This is just some random guy on the internet, so take it for what itâ€™s worth. Seems to check out though"
Unknown,Unknown,
AntÃ³n LeitÃ³n,21:17,"I drank today 1 glass of raw milk and felt bloated, and had asthma again.In the short term i feel better with pasteurized milk han with raw one.I only feel good with raw fermented dairy"
Unknown,21:20,ğŸ‘ğŸ‘ğŸ‘
Unknown,21:21,"Baby steps. 4 years without meat, fish and only just some boiled eggs and unfatted cheeseAnd all my life without animal fats"
Unknown,21:22,Me too
Unknown,21:22,With or without honey?
Unknown,21:22,I always eat cheese with honey
Silmavi,21:24,Then cheese ten mts later milk ten mts later cheese?
Unknown,21:25,Raw not fermentedmilk?
Unknown,21:26,Ok.I don't have it now.I will do it next time
AntÃ³n LeitÃ³n,21:28,Why without honey?
Unknown,21:29,Aajonus talked about a tablespoon of cheese each time
Unknown,21:29,Every now and then
Deleted Account,21:37,With drinking milk between cheese?
AntÃ³n LeitÃ³n,21:42,I thoughy it was only with cheese.
Unknown,21:44,Aajonus Questions and Answers - www.wewant2live.comhttps://www.wewant2live.com/aajonus-questions-and-answers/
Unknown,21:44,We can buy this book.
Unknown,21:48,Antibiotics - Recovery From - www.wewant2live.comhttps://www.wewant2live.com/antibiotics-recovery-from/
Unknown,21:48,You were right. I haven't read it
Unknown,21:57,Thanks for sharing
Unknown,21:57,We could put some dollars each and buy the book
Silmavi,21:59,
Unknown,22:03,ğŸ¤·â€â™€
Yan,22:05,she literally just puts it in a jar and lets it sit there for a few days?
Silmavi,22:05,I didit on the gHeating with termometer
Unknown,22:05,It works
AntÃ³n LeitÃ³n,22:05,This book
Silmavi,22:06,But her caraboo milk is creamier than mine
Yan,22:06,looks easy af
Unknown,22:06,pretty sure i ll manage to fuck it up somehow tho
AntÃ³n LeitÃ³n,22:06,"I really feel better, @ubeats1 Only a piece of cheese"
Silmavi,22:06,It is good when cold weather
Yan,22:06,i live in thailand
Unknown,22:06,no cold sir
Silmavi,22:06,Lucky
Unknown,22:07,She lives at 30degrees
Yan,22:07,same same yea
Silmavi,22:07,Lucky
AntÃ³n LeitÃ³n,22:07,You could have told me before my running training 2 hours ago...ğŸ˜…I couldnt breath for 30min
Silmavi,22:07,So with cheese you can breath again?
AntÃ³n LeitÃ³n,22:08,We are between 3 and 15Â°C in North Spain
Unknown,22:08,Less bloated in 20 min
Silmavi,22:09,Great.Always a piece of cheese near
Unknown,22:09,Handy
Unknown,22:10,Dark place
AntÃ³n LeitÃ³n,22:11,And a 20 min alarmLike Pomodoro
Silmavi,22:14,Pomodoro?
AntÃ³n LeitÃ³n,22:16,Pomodoro Technique - Wikipediahttps://en.m.wikipedia.org/wiki/Pomodoro_Technique
Unknown,22:18,https://www.amazon.es/gp/aw/d/B004YZP19M/ref=ox_sc_act_image_1?smid=A1AT7YVPFBWXBL&psc=1I am going to buy this green clay
Silmavi,22:21,Lo tienes en app?
AntÃ³n LeitÃ³n,22:22,No. I use the android timer
Silmavi,22:22,ğŸ‘
AntÃ³n LeitÃ³n,22:23,3 min between series in my workouts30 min after a meat meal to eat cheese and a little honey
Unknown,Unknown,
Deleted Account,01:48,"question, would you do raw meat if you are in an ebola zone?"
Deleted Account,02:59,I donâ€™t know enough about Ebola to say
Deleted Account,04:30,If i was in an Ebola zone i would leave
Deleted Account,04:35,haha
AntÃ³n LeitÃ³n,10:22,Perfect Workout on bicycle again
Silmavi,10:37,ğŸ˜’
AntÃ³n LeitÃ³n,10:38,can you change it?
Unknown,10:38,I have put mine at 9Â°C. But 8 would be even fine
Unknown,10:39,Wouldn't it be even worse to cook it?
Deleted Account,10:41,dont the inuit do frozen food? iâ€™m sure food freeze there
Unknown,10:42,esp pre electricity
Unknown,10:43,sure its water and not vodka?
Unknown,10:45,meat slurpie?
Deleted Account,11:39,What does good blood taste like because mine tastes like nothing
Pazarac,11:53,Hahaha
Pazarac,12:12,Guys whats your diet plans?
Unknown,12:14,What you eat in a day and do you eat the same thing everyday
Unknown,12:15,What you mean ğŸ˜‚
Unknown,12:16,"Lmao, but its not reallt my name"
Unknown,12:16,Raw chicken? Isnt it a bit dangerous?
Unknown,12:17,Salmonella
Unknown,12:17,Its organic?
Unknown,12:18,Hahah
Unknown,12:18,"I see, ok"
Unknown,12:18,"One of the most liberating things about this diet is you dont have to worry about what to eat, and when to preparw"
Unknown,12:20,My brother had it when he was small
Deleted Account,12:22,"it can be found in humans, but is dangerous when its entering?"
Unknown,12:23,only doctors understand ğŸ˜„
Unknown,12:24,"healyourgutguy thinks, that all bacteria viruses etc behave well when in a good environment"
Unknown,12:25,acidic
Unknown,12:26,"we self balance our microbiome if we do what we are designed to do, so no worries"
Unknown,12:26,tryhard ğŸ˜„
Pazarac,12:27,Is there any statistics about how long carnivores live?
Deleted Account,12:27,tchickenret
Unknown,12:28,ğŸ˜
Unknown,12:29,ask again in 50years
Pazarac,12:32,Wdym
Silmavi,12:59,Nice rock
Deleted Account,13:06,I think I got food poisoning from frozen blood
Pazarac,13:07,? Which symptoms
Deleted Account,13:16,Nausea
Unknown,13:17,Maybe not
Unknown,13:17,But I'm not feeling good
Unknown,13:18,"Hmm, perhaps. Anyway, no more frozen blood for me"
Allu,13:18,The frozen blood had additives In it
Pazarac,13:24,Put some nail polish remover
Deleted Account,13:30,Oh yes it actually does...
Silmavi,13:57,ğŸ˜‚ğŸ˜‚ğŸ˜‚
Unknown,13:57,Bin it
Deleted Account,13:58,ugh
Silmavi,14:03,@ubeats1 the other day I wanted to make yoghurt. I have this yogurt machine and I had cold milk so I decided to wait until the milk gets warm to make the yoghurt. But then I remembered that I had some milk fermenting in the cupboard and I decided to use that milk that wasn't cold to make the yoghurt. I put it in the machine for 24 hours and it didn't work .it had a very bad taste we has to throw it away. don't use fermented milk to make yogurtğŸ˜’
Unknown,14:04,ğŸ‘ğŸ‘ğŸ‘
Deleted Account,15:46,"Frozen meat is fine to eat. Not ideal, but no need to throw it away"
Deleted Account,16:48,"Yea I used to do it all the time, plenty of others as well"
Unknown,16:48,Much much better than cooked imo
Allu,17:36,I highly recommend everyone to try make Viili/filbunke yogurt
Unknown,17:36,Its unheated
Silmavi,17:47,I do it!
Unknown,17:47,ğŸ˜
Deleted Account,17:51,The magic potato
Allu,18:47,
Deleted Account,21:25,Any of you guys juice regularly?
Silmavi,21:45,
Unknown,21:45,My milkman .The iodine he puts on the udders is in the yellow and red container.
Unknown,Unknown,
Silmavi,21:57,Yes i recorded to show the iodine issue
AntÃ³n LeitÃ³n,22:12,I eat non organic raw chicken
Unknown,22:23,ğŸ˜‚ğŸ˜‚ğŸ˜‚
Silmavi,22:29,Ok
AntÃ³n LeitÃ³n,22:29,
Silmavi,22:29,Thank s
Deleted Account,22:30,"I understand, thatâ€™s why I said itâ€™s not ideal. But itâ€™s not gonna kill you"
Unknown,22:31,"Also in tchretâ€™s case, the meat just barely froze. So it would be less harmed than meat from the actual freezer"
AntÃ³n LeitÃ³n,22:31,400-600g beef organs100-200g beef fat1 lubrication formula150g raw cheese1l raw fermented milk3-4 cream tablespoonsA little honeySome days 100-150g fruit juice
Unknown,22:32,Its better than veggies
Deleted Account,22:33,"Much better than cooked still imo, I used to eat quite a bit of frozen meat. I used to eat it still half frozen, like some kind of meat ice cream"
Unknown,22:34,Any noticeable benefits?
AntÃ³n LeitÃ³n,22:36,I dont add it to the milk now. I have reached my weight target
Unknown,22:39,And half teaspoon of raw cheese every half an hour ğŸ˜‰
Unknown,22:40,17879-81kg depending of the day. 25 more kg than vegan 5 months ago
Unknown,22:41,Im lying...ğŸ˜Š1 teaspoon
Silmavi,23:30,"What's the the perfect weight for 1,43?"
AntÃ³n LeitÃ³n,23:34,45-49kg
Unknown,23:38,I dont like the look on the mirror. A little fatty. But I am doing it for health.At summer I will go down a little for the beach ğŸ˜Š
Unknown,Unknown,
Deleted Account,00:15,why are we using bmi instead of height to waist ratio?
Deleted Account,02:27,The measurements werent provided
Yan,07:34,"made this raw cheese the way the phillipino girl recommended, tasted pretty dope"
Unknown,07:34,positively surprised
Deleted Account,07:50,Unchilled milk?
Yan,08:42,well it was frozen i believe
Unknown,08:42,raw frozen goatmilk
Unknown,08:42,thats what i get delivered
Unknown,08:42,just putting it in a jar and a piece of cloth above it and let it sit in warm room for a day
Silmavi,10:45,I do with unchilled milk.
Unknown,10:48,Well....i have never weight more than 35....and i was eating omnivorous many years.Becsuse if crudivegan and mucusless diet i dropped to 30 and now iam arround 33-35
Unknown,10:51,ReallyğŸ˜ğŸ¤¨ğŸ¤¨ğŸ¤¨?
Unknown,10:52,Good explanation
Yan,10:58,the raw cheese thing pre raw eggs worked i believe
Unknown,10:58,against nausea
Silmavi,12:07,Great cheese
Unknown,12:07,Even a little salted?
Yan,12:14,salt is awesometho
AntÃ³n LeitÃ³n,12:42,"I am very excited.Today I went to my first race after 2 years of vegan.Trail running through some hills12,5km. 1h45m aproxI felt so great that i have done 7 more km. 2h45mFelt like I had neverending fuelI didnt train for it enough.But I think that the cheese had made a big differenceI am recovering my health. Returning to be as I used to"
Unknown,12:42,"Very, very happy ğŸ˜€When I arrived at the finish line, I even cried a little"
Unknown,12:43,3 months
Unknown,12:44,3 weeks keto3 weeks gaps2 years vegan2 years vegetarian with only some boiled eggs
Unknown,12:44,"When stopped vegan, gained 0.5kg a day for 3 weeks"
Unknown,12:45,"The stabilized. And then when adding raw milk, gained again 10kg"
Unknown,12:45,Yes
Unknown,12:46,Thank you for all your sharings. And @tchret Nice groupYou are helping a lot of people
Unknown,12:47,I learn and have fun with you
Unknown,12:47,"More than 20km with rivers, stones, trees broken, and with minimal shoes"
AntÃ³n LeitÃ³n,12:52,Foto de AntÃ³n LeitÃ³n
AntÃ³n LeitÃ³n,12:52,Foto de AntÃ³n LeitÃ³n
AntÃ³n LeitÃ³n,12:52,Veganism malnourishment
Unknown,12:54,Next long race I will take little pieces of raw cheese with me to bind with the poisons that must be expelled by the extreme effort
Deleted Account,12:54,Oh wow! That difference is huge in those pics!
Unknown,12:55,Looking buff ğŸ’ª
AntÃ³n LeitÃ³n,12:55,5 months between the 2 photosVeganism vs primal diet
AntÃ³n LeitÃ³n,12:56,5 months ago I could not run 30 min with my 9 year olds son
Yan,13:25,jesus
Unknown,13:25,thats a sick before and after
Unknown,13:25,u should share that online
Unknown,13:25,well done
Unknown,13:26,"this looks so unhealthy, no offense"
Silmavi,13:27,Mucusless diet
AntÃ³n LeitÃ³n,13:29,I thought it was temporary detox. But it never ended
Unknown,13:30,"At first years feeling better. Without rinitis, asthma.Goos digestions. No headaches, etc"
Pazarac,13:35,You saved yourself
Unknown,13:35,Vegans be like : losing teeth? Its only a temporary detox ğŸ˜‚
Unknown,13:37,I also tried it but not for a long time. I felt from the beginning that something is missing
AntÃ³n LeitÃ³n,13:39,"I have lost a lot hair, problems on nails, etc"
Unknown,13:41,Foto de AntÃ³n LeitÃ³n
Unknown,13:41,Problems in my skin
Unknown,13:52,I could not stand to throw it to the garbage. I would Eat it raw
Deleted Account,16:35,Is there any possibilities to consume too much vitamin D fron fish? I've eaten 5 kilos of herring in a couple of weeks now
Unknown,16:36,Well I guess my body knows wgen to stop
Unknown,16:39,That means more herring!
Unknown,16:42,Is kefir a good source of K2?
Unknown,16:45,Isn't the process of fermenting also producing k2?
Deleted Account,16:46,Yes
